5E-CF-7F-01-85-56,5ECF7F018556,5C-CF-7F-01-85-56,5CCF7F018556
5E-CF-7F-01-85-56,5ECF7F018556,5C-CF-7F-01-85-56,5CCF7F018556
5E-CF-7F-00-D2-2D,5ECF7F00D22D,5C-CF-7F-00-D2-2D,5CCF7F00D22D
5E-CF-7F-00-D2-2D,5ECF7F00D22D,5C-CF-7F-00-D2-2D,5CCF7F00D22D
5E-CF-7F-00-D2-2D,5ECF7F00D22D,5C-CF-7F-00-D2-2D,5CCF7F00D22D
1A-FE-34-DA-7B-BE,1AFE34DA7BBE,18-FE-34-DA-7B-BE,18FE34DA7BBE
1A-FE-34-DA-7B-BE,1AFE34DA7BBE,18-FE-34-DA-7B-BE,18FE34DA7BBE
1A-FE-34-DC-3B-86,1AFE34DC3B86,18-FE-34-DC-3B-86,18FE34DC3B86
1A-FE-34-DC-3B-86,1AFE34DC3B86,18-FE-34-DC-3B-86,18FE34DC3B86
1A-FE-34-DC-3B-86,1AFE34DC3B86,18-FE-34-DC-3B-86,18FE34DC3B86
1A-FE-34-DC-3B-86,1AFE34DC3B86,18-FE-34-DC-3B-86,18FE34DC3B86
1A-FE-34-DC-3B-86,1AFE34DC3B86,18-FE-34-DC-3B-86,18FE34DC3B86
1A-FE-34-DC-3B-86,1AFE34DC3B86,18-FE-34-DC-3B-86,18FE34DC3B86
1A-FE-34-DC-3B-86,1AFE34DC3B86,18-FE-34-DC-3B-86,18FE34DC3B86
1A-FE-34-DC-3B-86,1AFE34DC3B86,18-FE-34-DC-3B-86,18FE34DC3B86
1A-FE-34-A5-DB-BA,1AFE34A5DBBA,18-FE-34-A5-DB-BA,18FE34A5DBBA
1A-FE-34-A5-DA-D9,1AFE34A5DAD9,18-FE-34-A5-DA-D9,18FE34A5DAD9
1A-FE-34-A5-DC-E9,1AFE34A5DCE9,18-FE-34-A5-DC-E9,18FE34A5DCE9
1A-FE-34-A5-44-A6,1AFE34A544A6,18-FE-34-A5-44-A6,18FE34A544A6
1A-FE-34-A5-DC-E9,1AFE34A5DCE9,18-FE-34-A5-DC-E9,18FE34A5DCE9
1A-FE-34-DC-3B-86,1AFE34DC3B86,18-FE-34-DC-3B-86,18FE34DC3B86
1A-FE-34-A5-DB-BA,1AFE34A5DBBA,18-FE-34-A5-DB-BA,18FE34A5DBBA
1A-FE-34-A5-DA-D9,1AFE34A5DAD9,18-FE-34-A5-DA-D9,18FE34A5DAD9
1A-FE-34-A5-DA-D9,1AFE34A5DAD9,18-FE-34-A5-DA-D9,18FE34A5DAD9
1A-FE-34-A5-DA-D9,1AFE34A5DAD9,18-FE-34-A5-DA-D9,18FE34A5DAD9
1A-FE-34-A5-DB-BA,1AFE34A5DBBA,18-FE-34-A5-DB-BA,18FE34A5DBBA
1A-FE-34-A5-44-A6,1AFE34A544A6,18-FE-34-A5-44-A6,18FE34A544A6
1A-FE-34-DC-3B-86,1AFE34DC3B86,18-FE-34-DC-3B-86,18FE34DC3B86
1A-FE-34-A5-DA-D9,1AFE34A5DAD9,18-FE-34-A5-DA-D9,18FE34A5DAD9
1A-FE-34-A5-DC-E9,1AFE34A5DCE9,18-FE-34-A5-DC-E9,18FE34A5DCE9
1A-FE-34-FE-11-1E,1AFE34FE111E,18-FE-34-FE-11-1E,18FE34FE111E
1A-FE-34-FE-11-1E,1AFE34FE111E,18-FE-34-FE-11-1E,18FE34FE111E
1A-FE-34-D3-38-08,1AFE34D33808,18-FE-34-D3-38-08,18FE34D33808
1A-FE-34-D3-ED-16,1AFE34D3ED16,18-FE-34-D3-ED-16,18FE34D3ED16
1A-FE-34-D2-8F-0A,1AFE34D28F0A,18-FE-34-D2-8F-0A,18FE34D28F0A
1A-FE-34-D3-ED-16,1AFE34D3ED16,18-FE-34-D3-ED-16,18FE34D3ED16
1A-FE-34-D2-8F-58,1AFE34D28F58,18-FE-34-D2-8F-58,18FE34D28F58
1A-FE-34-D3-A5-1A,1AFE34D3A51A,18-FE-34-D3-A5-1A,18FE34D3A51A
1A-FE-34-D3-6C-60,1AFE34D36C60,18-FE-34-D3-6C-60,18FE34D36C60
1A-FE-34-D3-6C-60,1AFE34D36C60,18-FE-34-D3-6C-60,18FE34D36C60
1A-FE-34-D2-8D-3A,1AFE34D28D3A,18-FE-34-D2-8D-3A,18FE34D28D3A
1A-FE-34-D3-A1-51,1AFE34D3A151,18-FE-34-D3-A1-51,18FE34D3A151
1A-FE-34-DC-35-AE,1AFE34DC35AE,18-FE-34-DC-35-AE,18FE34DC35AE
1A-FE-34-DC-35-AE,1AFE34DC35AE,18-FE-34-DC-35-AE,18FE34DC35AE
1A-FE-34-DC-35-AE,1AFE34DC35AE,18-FE-34-DC-35-AE,18FE34DC35AE
1A-FE-34-DC-35-AE,1AFE34DC35AE,18-FE-34-DC-35-AE,18FE34DC35AE
1A-FE-34-DC-35-AE,1AFE34DC35AE,18-FE-34-DC-35-AE,18FE34DC35AE
1A-FE-34-DC-35-AE,1AFE34DC35AE,18-FE-34-DC-35-AE,18FE34DC35AE
1A-FE-34-DC-35-AE,1AFE34DC35AE,18-FE-34-DC-35-AE,18FE34DC35AE
1A-FE-34-DC-35-AE,1AFE34DC35AE,18-FE-34-DC-35-AE,18FE34DC35AE
1A-FE-34-DC-35-AE,1AFE34DC35AE,18-FE-34-DC-35-AE,18FE34DC35AE
1A-FE-34-DC-35-AE,1AFE34DC35AE,18-FE-34-DC-35-AE,18FE34DC35AE
62-01-94-00-B2-D6,62019400B2D6,60-01-94-00-B2-D6,60019400B2D6
1A-FE-34-DC-35-AE,1AFE34DC35AE,18-FE-34-DC-35-AE,18FE34DC35AE
1A-FE-34-DC-35-AE,1AFE34DC35AE,18-FE-34-DC-35-AE,18FE34DC35AE
1A-FE-34-DC-35-AE,1AFE34DC35AE,18-FE-34-DC-35-AE,18FE34DC35AE
1A-FE-34-DC-35-AE,1AFE34DC35AE,18-FE-34-DC-35-AE,18FE34DC35AE
1A-FE-34-DC-35-AE,1AFE34DC35AE,18-FE-34-DC-35-AE,18FE34DC35AE
5E-CF-7F-0B-37-CD,5ECF7F0B37CD,5C-CF-7F-0B-37-CD,5CCF7F0B37CD
5E-CF-7F-19-1D-17,5ECF7F191D17,5C-CF-7F-19-1D-17,5CCF7F191D17
1A-FE-34-D6-8A-02,1AFE34D68A02,18-FE-34-D6-8A-02,18FE34D68A02
1A-FE-34-D6-8A-02,1AFE34D68A02,18-FE-34-D6-8A-02,18FE34D68A02
1A-FE-34-D6-8A-02,1AFE34D68A02,18-FE-34-D6-8A-02,18FE34D68A02
1A-FE-34-D6-8A-02,1AFE34D68A02,18-FE-34-D6-8A-02,18FE34D68A02
1A-FE-34-D6-8A-02,1AFE34D68A02,18-FE-34-D6-8A-02,18FE34D68A02
1A-FE-34-D6-8A-02,1AFE34D68A02,18-FE-34-D6-8A-02,18FE34D68A02
1A-FE-34-D6-8A-02,1AFE34D68A02,18-FE-34-D6-8A-02,18FE34D68A02
1A-FE-34-D6-8A-02,1AFE34D68A02,18-FE-34-D6-8A-02,18FE34D68A02
1A-FE-34-D6-8A-02,1AFE34D68A02,18-FE-34-D6-8A-02,18FE34D68A02
5E-CF-7F-D8-B5-AB,5ECF7FD8B5AB,5C-CF-7F-D8-B5-AB,5CCF7FD8B5AB
5E-CF-7F-19-7B-8C,5ECF7F197B8C,5C-CF-7F-19-7B-8C,5CCF7F197B8C
5E-CF-7F-19-7B-8C,5ECF7F197B8C,5C-CF-7F-19-7B-8C,5CCF7F197B8C
